<?xml version="1.0" encoding="UTF-8"?>

<beans xmlns="http://www.springframework.org/schema/beans"
	xmlns:context="http://www.springframework.org/schema/context"
	xmlns:xsi="http://www.w3.org/2001/XMLSchema-instance"
	xsi:schemaLocation="http://www.springframework.org/schema/beans 
					http://www.springframework.org/schema/beans/spring-beans-3.0.xsd 
					http://www.springframework.org/schema/context 
					http://www.springframework.org/schema/context/spring-context.xsd
					http://www.springframework.org/schema/mvc http://www.springframework.org/schema/mvc/spring-mvc.xsd">

	<context:annotation-config />
	<context:component-scan base-package="com.intuit.ifs.adminplatformportlets.webcmsUtility" />
	
	<bean id="viewResolver"
		class="org.springframework.web.servlet.view.InternalResourceViewResolver">
		<property name="contentType" value="text/html;charset=UTF-8" />
		<property name="prefix" value="/WEB-INF/jsp/" />
		<property name="suffix" value=".jsp" />
		<property name="viewClass" value="org.springframework.web.servlet.view.JstlView" />
	</bean>
</beans>