<?xml version="1.0"?>
<!DOCTYPE liferay-portlet-app PUBLIC "-//Liferay//DTD Portlet Application 6.2.0//EN" "http://www.liferay.com/dtd/liferay-portlet-app_6_2_0.dtd">

<liferay-portlet-app>
	<portlet>
		<portlet-name>webcmsUtility</portlet-name>
		<virtual-path>${admin.portlet.path}/webcmsUtility</virtual-path>
		<instanceable>false</instanceable>
		<private-request-attributes>false</private-request-attributes>
		<private-session-attributes>false</private-session-attributes>
		<requires-namespaced-parameters>false</requires-namespaced-parameters>
		<ajaxable>true</ajaxable>
	</portlet>
</liferay-portlet-app>